,notes,durations
0,50,3.136
1,54,3.2960000000000003
2,56,4.736
3,50,2.976
4,56,3.872
5,56,2.7840000000000003
6,56,3.616
